# Several faults at once: GOLF missing, an undeclared epic, a ghost ID, a duplicate, a drop with no reason, a bad kind.
epic	Milestone Q
epic	Parked
epic	Later Work
epic	Empty Epic
row	QLN-ALPHA	keep	Milestone Q
row	QLN-DELTA	keep	Milestone Q
row	QLN-SHIFT	merge:QLN-DELTA	-	same area, malformed cells
row	QLN-BRAVO	keep	Milestone Q
row	QLN-FOXTROT	keep	Milestone Q
row	QLN-HOTEL	keep	Nowhere
row	QLN-CHARLIE	keep	Parked
row	QLN-INDIA	keep	Parked
row	QLN-ECHO	drop	-
row	QLN-KILO	stay	-	it closes in the frozen file
row	QLN-DONE-ONE	stay	-
row	QLN-GHOST	keep	Milestone Q
row	QLN-ALPHA	keep	Milestone Q
bogus	QLN-ALPHA
